student_id,name,age,gender,email,phone,enrollment_year,course_batch,city,graduation_year
1,Allison Hill,24,Female,donaldgarcia@example.net,+1-219-560-0133,2021,Batch C,Robinsonshire,2025
2,Sean Blake,23,Female,helenpeterson@example.org,651.216.1559,2021,Batch A,Herrerafurt,2025
3,Edward Fuller,25,Male,barbara10@example.net,441.731.6475,2022,Batch A,Jasonview,2026
4,Melinda Jones,25,Male,amandasanchez@example.com,(748)535-0305x6413,2021,Batch C,Fostermouth,2025
5,Charles Mcgee,25,Female,julie69@example.com,(332)887-1012x269,2019,Batch A,Carlsonmouth,2023
6,Tricia Valencia,22,Other,frazierdanny@example.net,001-645-514-6270x48281,2021,Batch B,West Kathryn,2025
7,Paula Moreno,23,Female,georgetracy@example.org,(443)903-9117x182,2021,Batch A,West Allison,2025
8,Tracey Hickman,22,Male,jenniferross@example.net,+1-557-587-1331x5098,2019,Batch B,North Jeanton,2023
9,Taylor Heath,20,Other,palmerjoshua@example.com,582.399.7376,2020,Batch B,Lake Ryanchester,2024
10,Scott Brown,25,Other,brownjessica@example.org,933.587.2624,2019,Batch C,South Lindseyside,2023
11,Matthew Fernandez,22,Other,novaksara@example.org,(267)873-6026,2019,Batch A,Saramouth,2023
12,Michael Cross,23,Female,smoore@example.org,4982050097,2021,Batch A,Port Jacobland,2025
13,Cynthia Wilson,25,Other,bethwilliams@example.org,(799)385-4353x46247,2022,Batch C,South Christineshire,2026
14,Angel Lewis MD,25,Male,nicole35@example.com,(378)449-8084,2019,Batch B,Darrellville,2023
15,Brittney Campbell,23,Other,jenniferharris@example.net,687-440-1640x052,2019,Batch C,Arnoldchester,2023
16,Ashley Landry,21,Male,amydavenport@example.net,+1-526-520-4505,2019,Batch A,West Kimberlychester,2023
17,Nicole Frost,22,Male,michellecherry@example.org,(902)756-3421x60733,2021,Batch C,Loribury,2025
18,Matthew Ross,21,Other,michelle45@example.net,768.750.1429x40196,2019,Batch B,Obrienhaven,2023
19,Steven Lee,25,Male,fletcheraaron@example.net,+1-835-661-5951x48465,2021,Batch B,East Robert,2025
20,Megan Orr,21,Female,richard04@example.com,969.495.7773,2019,Batch B,West Zacharymouth,2023
21,Trevor Young,23,Other,jeffrey32@example.org,8379917693,2021,Batch A,Sancheztown,2025
22,Shannon Mcclure,24,Female,zrobinson@example.net,870.983.1727x88957,2022,Batch B,Lake Michelle,2026
23,Paul Larsen,23,Other,katie87@example.net,347.414.3455,2021,Batch B,East Patrick,2025
24,Daniel Perry,20,Male,amy60@example.org,(569)909-6705x46688,2019,Batch B,West Ryan,2023
25,George Shelton,21,Other,dramsey@example.org,+1-280-669-9016x272,2020,Batch C,Murphymouth,2024
26,Philip Gray,22,Female,fking@example.com,5802531003,2022,Batch A,East David,2026
27,Kristy Robinson,21,Male,katie29@example.net,001-512-341-9049x6631,2021,Batch B,Melissaville,2025
28,Kylie Williams,24,Female,estanley@example.net,+1-650-967-1657x2628,2020,Batch B,Grahamshire,2024
29,Samuel Rivas,20,Other,ramirezshannon@example.com,001-596-750-7527,2019,Batch C,Matthewview,2023
30,Kellie Lee,22,Male,jenniferfreeman@example.org,001-777-970-1436x349,2021,Batch A,Ronaldside,2025
31,Michael Nelson,20,Male,jerry35@example.org,001-682-533-7498x9413,2020,Batch B,Harrytown,2024
32,Beth Williams,22,Female,tranheidi@example.org,+1-971-309-4777x5204,2022,Batch B,South Travisshire,2026
33,Amy Hernandez,20,Other,christopher31@example.net,001-269-399-3867x74964,2020,Batch B,Lake Jason,2024
34,Brooke Thompson,21,Other,moorericky@example.net,+1-574-803-4471x349,2021,Batch A,New Jeffreyberg,2025
35,Samantha Jones,25,Male,lauralarson@example.net,271-874-6488x7719,2022,Batch C,Cassandratown,2026
36,Vernon Huff,22,Male,keyemily@example.com,001-802-978-7429,2020,Batch C,South Michaelmouth,2024
37,Brian Martin,21,Female,ssteele@example.net,(980)871-5451x6808,2022,Batch C,East Aprilfort,2026
38,Olivia Harris,23,Male,sarakim@example.net,310.993.2480x8613,2022,Batch A,Lake Marilynfort,2026
39,Dorothy Thornton,25,Female,edavenport@example.org,682.263.9821x465,2022,Batch A,Jessicashire,2026
40,Mary Grimes,24,Other,wryan@example.com,+1-586-875-3396,2021,Batch A,West Juliefurt,2025
41,Matthew Hoover,24,Female,tylerjohnson@example.net,001-851-471-8702,2019,Batch C,South Kimberlyview,2023
42,Michael Santos,25,Other,melissa86@example.com,+1-978-409-1343x1611,2019,Batch A,Rebeccaton,2023
43,Anthony Howard,21,Other,hthomas@example.com,001-922-421-9693,2019,Batch A,South Dana,2023
44,Michael Nolan,20,Other,rsantana@example.net,(617)559-4647,2021,Batch B,Castanedaville,2025
45,Kenneth Andrews,21,Other,andrew64@example.org,001-509-674-3953,2019,Batch C,Lake Colton,2023
46,Amanda Kramer,23,Other,rileyjessica@example.org,956-623-2858x8424,2021,Batch C,Lindamouth,2025
47,Brenda Levy,25,Female,zcoffey@example.net,(716)304-8175x496,2019,Batch C,South Angel,2023
48,Kristina Herman,20,Other,deborahreid@example.com,001-446-812-0047x113,2021,Batch C,Watsonside,2025
49,Patrick Moore,24,Female,fpena@example.net,(840)653-7735x15850,2019,Batch B,North Stacy,2023
50,Anna Lewis,23,Female,williamsmatthew@example.org,001-431-283-9335,2021,Batch A,Micheleberg,2025
51,Ms. Rebecca Rodriguez,21,Other,andersonmichael@example.org,001-350-324-0268,2021,Batch C,Weststad,2025
52,Ashley Gordon,23,Female,acostaregina@example.net,447.300.7661x77115,2020,Batch A,West Claudia,2024
53,Michelle James,23,Female,shawn96@example.org,001-318-736-7365x766,2022,Batch A,Edwardsview,2026
54,Christian Leblanc,20,Male,davischristopher@example.com,352-880-9885,2021,Batch A,Morganchester,2025
55,Michelle Schmitt,21,Female,michael98@example.org,(573)815-8514,2021,Batch B,New Sarahview,2025
56,Donald Farmer,21,Male,michael22@example.net,+1-661-720-1836x67525,2019,Batch C,North Ericton,2023
57,Denise Stanley,23,Other,alawson@example.com,681.256.1497,2021,Batch A,South Tracey,2025
58,Dan Dougherty,23,Male,kathrynroberts@example.org,7763226838,2022,Batch C,Hensleyton,2026
59,Joe Miller,21,Male,barbara96@example.net,+1-364-516-0529x7516,2021,Batch C,Chapmanhaven,2025
60,Seth Reese,21,Male,masonjackson@example.net,+1-418-483-5523x1243,2019,Batch B,East Stephaniefort,2023
61,Justin Riley,24,Male,michelle52@example.com,377-644-9058,2019,Batch A,Hayeston,2023
62,Dustin Newman,22,Female,gilbertwilliam@example.com,001-480-279-3597,2022,Batch A,Garciamouth,2026
63,Mrs. Maria Williams,23,Female,hritter@example.net,+1-725-354-6659x051,2019,Batch B,Mitchellberg,2023
64,Kevin Thomas,24,Male,kyle62@example.net,001-214-786-5281x685,2019,Batch C,Henryborough,2023
65,Ralph Lee,24,Male,ericphillips@example.org,988.205.9296x22292,2020,Batch B,Diazbury,2024
66,Lisa Goodwin,21,Male,pyoung@example.com,435.697.7468x8623,2021,Batch B,Lake Timothystad,2025
67,Ashley Singleton,24,Other,mitchellkathryn@example.com,782.561.3750x606,2019,Batch B,Vangstad,2023
68,Fernando Garcia,22,Other,lacey20@example.com,827.379.0104x3289,2020,Batch C,Johnville,2024
69,Jason Bauer,24,Other,fbrown@example.net,+1-708-593-2460,2021,Batch A,Lopezland,2025
70,Heather Ashley,22,Female,myerstheodore@example.net,(754)705-1531x9520,2022,Batch C,Port Kimberly,2026
71,Michael Welch,25,Male,bryanparsons@example.com,8439030548,2021,Batch B,Benjaminborough,2025
72,Scott Williams,25,Male,joshua56@example.com,001-876-452-7758x4161,2020,Batch A,Manuelland,2024
73,Edward Griffin,20,Female,cjackson@example.com,205.496.4016x582,2021,Batch C,Johnsonland,2025
74,Matthew Cox,24,Female,jacobserika@example.com,(271)492-8565x431,2019,Batch A,Holmesside,2023
75,Reginald Padilla,20,Female,wendymitchell@example.com,712.317.2715,2019,Batch A,Patriciaburgh,2023
76,Tammy Little,25,Other,william13@example.org,470.358.9578,2021,Batch B,West Raymondfort,2025
77,Patricia Morrow,22,Male,martinezlogan@example.org,378.452.8922x680,2021,Batch A,Fredmouth,2025
78,Courtney Meza,20,Female,meghan43@example.net,+1-442-449-8182,2021,Batch C,Meganshire,2025
79,Scott Miller,22,Other,debra96@example.net,+1-407-984-4736x4710,2021,Batch B,Washingtonborough,2025
80,Charles Hensley,24,Female,jessica56@example.org,001-258-681-5371x47321,2021,Batch C,Linchester,2025
81,Sean Moore,20,Female,sarah53@example.org,787.274.7016x8733,2019,Batch B,West Troyfort,2023
82,Adam Rodriguez,22,Female,nicoleluna@example.com,(906)609-8358x416,2020,Batch B,East Theresafurt,2024
83,William Grant,20,Female,kari39@example.net,(480)700-2578x7298,2019,Batch A,Franciscoport,2023
84,Katie Hicks,20,Other,terickson@example.com,9556169409,2022,Batch B,Lake Brett,2026
85,Mr. Nathan Hampton,24,Male,rhernandez@example.org,8915307562,2020,Batch B,Shawfort,2024
86,Nancy Brown,20,Male,aprilhoffman@example.net,586.552.7858x5497,2022,Batch C,Angelabury,2026
87,Vickie Wise,20,Other,hannahburns@example.com,(284)641-9866x524,2021,Batch B,West Sandraview,2025
88,Cindy Clayton,20,Other,sarah42@example.org,+1-993-330-8330x165,2019,Batch A,North Tamara,2023
89,Brooke Delgado,24,Female,mwoods@example.com,440-619-3802x62067,2019,Batch A,North Kennethville,2023
90,Frances Gibson,23,Female,ismall@example.net,543.415.2742x054,2021,Batch A,Wilcoxhaven,2025
91,James Davis,25,Male,thomasboyle@example.org,563-274-5499x045,2022,Batch A,South Kurtfurt,2026
92,Tammy Barron,22,Other,hannah45@example.net,932.572.7956,2022,Batch C,Lake Karen,2026
93,Angela Griffin,25,Male,christian91@example.org,+1-983-398-2258,2022,Batch C,Lake Brandy,2026
94,Jordan Stokes,20,Male,aanderson@example.com,001-508-374-0640,2019,Batch B,South Melvinland,2023
95,Amy Shannon,25,Male,ajohnson@example.org,001-826-456-7661x82512,2021,Batch A,Port Adam,2025
96,Edwin Nunez,23,Male,opatel@example.org,352.343.1069x033,2022,Batch A,South Carlaton,2026
97,Andrew Gonzales,22,Male,karenparsons@example.org,643.695.9953x42836,2020,Batch C,New Stacyburgh,2024
98,Jessica Simpson,25,Female,shelly68@example.com,001-466-924-6287x334,2019,Batch B,New Robertchester,2023
99,Brandi Sanchez,22,Female,markmiller@example.com,(518)930-4699x013,2019,Batch B,Port Rebecca,2023
100,Terry Lewis,20,Male,suzannewilson@example.com,993.763.8546,2021,Batch C,Josehaven,2025
101,Julie Lang,21,Other,ugill@example.org,(856)609-3204x899,2020,Batch A,East Mark,2024
102,Roy Porter,22,Male,jonathan77@example.com,(252)328-7280,2022,Batch C,Port Adamberg,2026
103,Crystal Mann,21,Female,robinsonstephen@example.org,+1-697-670-0886x008,2021,Batch B,New Lisachester,2025
104,Susan Rodriguez,22,Other,warrenjohn@example.net,245.346.1567x93341,2019,Batch C,Grayside,2023
105,Mark Warner,22,Female,porterryan@example.com,001-218-303-3974,2020,Batch A,Rachelshire,2024
106,Cassie Jefferson,24,Female,alibrenda@example.net,(714)229-3968x5621,2019,Batch C,South Jesseland,2023
107,Randy Friedman,24,Male,unovak@example.org,+1-647-573-5866x2961,2019,Batch B,North Josephfurt,2023
108,Madison Singh,23,Male,michael10@example.com,854.312.1267x888,2020,Batch A,North Michaelland,2024
109,Rachel Shields,25,Female,carterpaul@example.org,001-483-398-2622x4447,2022,Batch B,South Joshua,2026
110,Richard Ward,23,Other,jennifersimpson@example.net,871.724.0659,2022,Batch B,Cookberg,2026
111,Larry Dominguez,21,Male,zedwards@example.com,479-235-6465x1939,2022,Batch B,Hahnborough,2026
112,Eddie Schwartz,21,Female,ichambers@example.net,834-226-6179x7968,2021,Batch B,Jacquelineside,2025
113,Suzanne Rodriguez,24,Male,dianekelly@example.net,+1-509-965-6101x438,2019,Batch B,Petershire,2023
114,Brittany Cuevas,20,Female,agarcia@example.org,725-945-7387,2022,Batch B,South Jennifermouth,2026
115,Eric Patrick,25,Female,johnsonmatthew@example.org,+1-423-882-8258x67362,2019,Batch A,Johnsonborough,2023
116,Jeffrey Smith,25,Female,jamiegoodwin@example.org,001-618-925-5371,2019,Batch A,Candicefurt,2023
117,Hannah Bruce,20,Other,lisamccarthy@example.com,+1-891-825-1341x252,2019,Batch A,New Patrick,2023
118,Mark Steele,21,Male,angelaburns@example.org,(557)890-5072,2021,Batch A,Ortizfort,2025
119,Ryan Burns,24,Male,cunninghamlaura@example.org,304-638-4279x7881,2022,Batch B,Amberton,2026
120,Jessica Robinson,20,Male,pgarcia@example.org,807-445-1713x3959,2019,Batch A,Port Jamie,2023
